{
  "mean": [
    2.3830985915492957,
    20.27112676056338,
    2.408450704225352,
    5980002.715416468,
    5980821.317803274,
    5986726.660028169,
    5975978.105491876,
    5684538.038732395,
    5966518.492253521,
    0.042239613624295146,
    0.003271634595123102,
    0.0039657453999882,
    16.830281690140843,
    2.191549295774648,
    10.487323943661972,
    23.762676056338027,
    0.002112676056338028,
    0.02112676056338028,
    0.05985915492957746,
    0.020422535211267606,
    0.002112676056338028,
    0.011267605633802818,
    0.01056338028169014,
    0.06056338028169014,
    0.16126760563380282,
    0.2091549295774648,
    0.1,
    0.11690140845070422,
    5.824647887323944,
    48.352112676056336,
    51.207042253521124,
    6.583098591549295,
    325.9598591549296,
    1.0007976883970684,
    1.0009346875616876
  ],
  "scale": [
    0.9507574320009592,
    12.954269952336807,
    1.9097781361352077,
    761157.9851949716,
    1364036.7702017666,
    1507766.3418804195,
    594116.699248407,
    770331.6389431183,
    1393427.9626537568,
    0.032530285336296066,
    0.0032071651831316206,
    0.010627241294835926,
    6.534636744719586,
    0.8752861067654891,
    3.6142102005740813,
    8.513329309812585,
    0.04591527693719166,
    0.14380688631452207,
    0.23722570792537284,
    0.1414406422030533,
    0.04591527693719166,
    0.10554926194476166,
    0.10223402211942235,
    0.23852768654926731,
    0.3677776026445099,
    0.40670523110836737,
    0.30000000000000004,
    0.32130276866679164,
    5.508593627166203,
    37.73443101822253,
    58.072339113600165,
    6.755758856166647,
    278.56399966585656,
    0.12738541909425297,
    0.22828164324862843
  ],
  "feature_columns": [
    "Level_Encoded",
    "Category_Encoded",
    "Tier_Encoded",
    "Lokasi_Mean_Salary",
    "Judul_Mean_Salary",
    "Perusahaan_Mean_Salary",
    "Category_Mean_Salary",
    "Lokasi_Median_Salary",
    "Judul_Median_Salary",
    "Lokasi_Frequency",
    "Judul_Frequency",
    "Perusahaan_Frequency",
    "Panjang_Judul",
    "Jumlah_Kata_Judul",
    "Panjang_Lokasi",
    "Panjang_Perusahaan",
    "Has_Number",
    "Has_Bracket",
    "Is_Manager",
    "Is_Senior",
    "Is_Junior",
    "Is_Lead",
    "Is_Assistant",
    "Is_Specialist",
    "Is_Tech",
    "Is_Sales",
    "Is_Marketing",
    "Is_Finance",
    "Level_x_Tier",
    "Level_x_Category",
    "Category_x_Tier",
    "Level_Squared",
    "Panjang_Judul_Squared",
    "Salary_vs_Mean_Ratio",
    "Judul_Salary_vs_Mean"
  ]
}